{
  "indexes": [
    {
      "collectionGroup": "messages",
      "queryScope": "COLLECTION_GROUP",
      "fields": [
        {
          "fieldPath": "senderId",
          "order": "ASCENDING"
        },
        {
          "fieldPath": "recipientId",
          "order": "ASCENDING"
        },
        {
          "fieldPath": "timestamp",
          "order": "ASCENDING"
        }
      ]
    },
    {
      "collectionGroup": "messages",
      "queryScope": "COLLECTION",
      "fields": [
        {
          "fieldPath": "recipientId",
          "order": "ASCENDING"
        },
        {
          "fieldPath": "senderId",
          "order": "ASCENDING"
        },
        {
          "fieldPath": "timestamp",
          "order": "ASCENDING"
        }
      ]
    }
  ],
  "fieldOverrides": []
}
